customer_id,FN,Active,club_member_status,fashion_news_frequency,age,postal_code
0001d44dbe7f6c4b35200abdb052c77a87596fe1bdcc37e011580a479e80aa94,1.0,1.0,ACTIVE,Regularly,44.0,930b19ae7db8abb5a27f4da10217755a7305b4c452f5e0b7644c8e97cbeef4f6
0152d53f51444891ea07013fd1fb8325415bb09bb6798a59359b21a8326d801b,,,ACTIVE,NONE,30.0,7d81fea7e0b9c27deb7bd9c46304e24d176a6aa2ced422379f41600faf16c4db
01a4717d38b651e46dda7f1ab8d1494af2682a847fa9a52a8f9ab1a09acd0294,1.0,1.0,ACTIVE,Regularly,23.0,84341fc1a4fff70f3effe1dc4de74167024562e00065b419969618c5468bdc34
01c19c0ba392de6d2bee657a616eca254d8fa6d06dde299b73d4276381b54554,,,ACTIVE,NONE,26.0,716a141c5fe7405d6ceab1ea281917fffca3c7a0e89314c7eb84745537c23179
01dd96059a11759518f10969d0a528f03c8501dc4c628bf69409db1890a59216,1.0,1.0,ACTIVE,Regularly,26.0,d9953eb7a7a24998cec6deecc7ac24091ccc15e395ba12110869742374bdeb3a
03d0011487606c37c1b1ed147fc72f285a50c05f00b9712e0fc3da400c864296,1.0,1.0,ACTIVE,Regularly,51.0,8db52856d17c197683efbc9d5ef2dc873aaf7062486b2d61d12553a7f0a5763b
03fdb0bf2d9ff8ba23e1b4aef53709119aad5bc83691d89293a01a52b93d7370,1.0,1.0,ACTIVE,Regularly,49.0,f2255b8174265ec97c29c5e7f23ee8e1d31b3bbe5ae34d43f5e10c811ca84af6
048962db9aca38ca4b98c70880a44b60f12562c8d4df5e34457401c14ec0dcbe,,,ACTIVE,NONE,33.0,64442315cd4919573bd8bbf9f5ec0c4ea5538f0cf7393cfe74cac2741bd83ef3
04c0e5bc7cbe20bd95058f7eb32016ff408b327415d11e5f5e5c5cfc2b4e4100,,,ACTIVE,NONE,46.0,47bfe49b4c54d070fe9ae3829b67c5fbf8bf680145e2a7950d971c1c2f3a6edf
04c8e4b3f05c0a9177e5addbc6be0c2c34f6b5a4e8cd290caa7f71118af12b3f,,,ACTIVE,NONE,23.0,78098b65d5f4b0b01eb9d8975f8130c6d691d9da44333526783eaedb1f440b87
0552b5b3f428f2e1176aaf7e29fda5a3c702f953630ddaa2fd13b82c5338d4a2,1.0,,ACTIVE,Regularly,64.0,684bcf5a4ef20c44564ffbec4b5a6ea40f27b5e6d99c317c12990c2547a18495
0567aa327bf71d7e53838b36a0a1779efb88db4e6658d67094e7d59d7fe93c8e,1.0,1.0,ACTIVE,Regularly,46.0,1e6c5be39ae4c805f2d9e3fc5d89fd528d0b2506e828f6045d2ad7bfdf600a79
06d23b72cac134851a761473b40c881c300814981b6b0a3c4692ddf5a93f2a48,,,ACTIVE,NONE,67.0,c91f79750fce78838a0e3daa243c7a3df3ad0034ea7c4e3d9fa2f543d9ae7d5a
0a45168a9fdde35557e23ab2663ffbd0d565ac380ece7a3b09e7680c2a0f94be,1.0,1.0,ACTIVE,Regularly,33.0,80821f599b7b052032c39620a3de981e8ed2283762694bee7786b0b76524c2b4
0bf4c6fd4e9d33f9bfb807bb78348cbf5c565846ff4006acf5c1b9aea77b0e54,1.0,1.0,ACTIVE,Regularly,51.0,80b6dd024c771fa4665cb10796f4393c83d37f863e655469d34eab8914d1a1c8
0bf722e1b6bbfb9598eed1b2d9ee1dde7c327328075d73eac19f41778c1052e4,,,ACTIVE,NONE,32.0,f7fe86ea77e2bd9c69c6c36a50a4bc52ea67cd29294e7f0b40bf70997290b17b
0d4fb6fb46dfe2759bcf7bc80340e8915b207aa2f74b5b3c76f74d3ce28359e8,1.0,1.0,ACTIVE,Regularly,40.0,e79ad63d14d9cb5b2f10c654229ece674a360c81672fbfadabb987e156e724b4
124cca5c0e033213924187882bc2b7ece884883402d21ac9d893d850f050d761,,,ACTIVE,NONE,32.0,c3d45ca1a3268fba1aaa7879366a9ffc3320de0d0bf71f1124f14aeac57530dc
13195d22b61b4c7de21818aae143713deb7be4b69ef4df955b10451699ac590f,1.0,1.0,ACTIVE,Regularly,29.0,58601968128c8d2a91a4937f9dd928785ced98076b89da0e92a1e08a3f0561a7
1320d4b3dd6481cde05bb80fb7ca37397f70470b9afb96aeca5d41175acaf836,1.0,1.0,ACTIVE,Regularly,54.0,da2dffc9d9cb6a1449dae3835ecb74cdf826ba152df3a0798553a42b37d1d8b8
13364ff15c984262a033e11104fd0e713e3dbbb2966457ee6ab343a8b1c8674c,,,ACTIVE,NONE,30.0,f53a6bd12e7e463769068560fbb3d550924c6d5f7b88211860ec01adb3d0acfc
13aa106eeb8a6fa2f9e2ab888a3a2ee118a3900670f0d8968c72aaee32841fb5,1.0,1.0,ACTIVE,Regularly,39.0,1dbf411d3ce63daa9a17e0e1c363544140dc7f01511c905925fd18d35bf233f2
14e2803083654f39e71c600c31eca57fa37be2e22f3fb499b622304723937c50,1.0,1.0,ACTIVE,Regularly,37.0,0fa4090bbe85e3468856d669b50af5cc446cdca7c0d9c676906637380ad1601e
157eee38676eebb003bf97407f26e369de192997ab3902c194ce2690f060ff50,,,ACTIVE,NONE,31.0,e399edbf41184d6ef7e883c0fce887ff8b613ae2fb550a0357af38301fb0ed82
15a075c3ea7b76dc31971a496c0d4b1f5f30170355eff7cedd4f4234c8c9402c,1.0,1.0,ACTIVE,Regularly,30.0,0ba906414ed57749e6710361c60e5cb2d995dcaf0b670e932fbd8e54158fc8c7
15a3197b46ff468b8f7333afd973274628e00ac53c735ed53250b811f0cc5057,1.0,1.0,ACTIVE,Regularly,29.0,9326ce47cf3d34bcb5f1bfd082d0be78c361a4ea3e100fc3031cd663c6a882c6
191071b0e1f2e94a557f1a0b4cea3de55faf1581b1f46466ffe90664f73ec96e,1.0,1.0,ACTIVE,Regularly,55.0,547f17b60bc1685cc0ff69e7260e6bea1ec281fa51d1634e65f541a95697e2ed
1a8ff5bca9a06d93488b597eaba364f4d96d936a3c96b6c6d696a5445b7dbec0,1.0,1.0,ACTIVE,Regularly,43.0,d8746f5f78279f3a85da60d06e15f776e3d95c0a083d19abadb31d1971da6b33
1c3b99da29aa2460824266d8c1ae6cfe078a14f0eae2f6c0eb8dbf4a2ba35dde,,,ACTIVE,NONE,30.0,a0937f9f290afad8643aec13ab00b1b47eccdce6641f3a482ccf11e91c22baca
1d517e2038683e9fd93e5f74e3f0ac526407b0f73779a7246568f3959b537657,1.0,1.0,ACTIVE,Regularly,27.0,8789b7070585025e1d434ec14e76903c56d299db564b843516a4e0f37bd2bb37
1dc9e67179f9238c6f875c02cf0136c4da969eab38ffd4a106464ee32f20aa09,,,ACTIVE,NONE,26.0,9cd92f453a62c57688d04625f28fc79eaabb9a89640f58f442eec53c8a912a7a
1df07f916d7f648458702bd0b612caee88f1fb4cd1b660fc79ca0c99d27b1293,,,ACTIVE,NONE,23.0,207d6b8e53f6efaad75e7b3b5dd51770c2285e804a4453b92d665ab73d6e4722
1f09f1593c106b2b171e201a79e922f83ddacfdb690a0d8d382c2b7d03d0a5cb,1.0,1.0,ACTIVE,Regularly,27.0,db877358ce25bab258bce9f89ad718a908bb28eb7171e23ead0bed96c0c29750
1f4d4f43ace92c96fd788ee0a68bd6c6b94a04d7b19119984f573d4f11f90aea,,,ACTIVE,NONE,26.0,90f1785b3c7c4eaaa47eb19f3ccb24af29a3cc9e91b023a8dd1968eb00a8bc8f
1f8dec83774287b328af151054ffb2e06775ba0551c11b4cfa6d6b74923d9855,1.0,1.0,ACTIVE,Regularly,45.0,f2d7cdaf0b602672147960ddb9f77db8181a9664ebfa5d04c6b8fbff153c6740
21dc541f04d2e07c098fe65c6d5de0c585dd9c15a338ca9ab876ebb126acf377,1.0,1.0,ACTIVE,Regularly,47.0,43fb60d7c21f05fe5121e0c7aee435d84040acd5d042de019179f9f72f2ab9e2
2351f0fa33dff45f29de0bc0f97067400b6df574652a4dc10fca68512f7ccd66,1.0,1.0,ACTIVE,Regularly,46.0,fa9d632ba12702507dfececb8df43952e3e375afa8736787a6d6cc45cace3151
2399cf8a4ac08644be5df6bc31de4364bfbcf235f65d0f08539f277a92872310,,,ACTIVE,NONE,46.0,5d3f7210789634dc82e24f0944fbd19ec3c8ed1c46d25ef57d6d15796415d9fb
24ad95d7d7b1d8ab9ea2861458d650436ebc624b055a181f426c25228cfc7cea,,,ACTIVE,NONE,43.0,7052cf8584ec37e54021a7d9a91bca7a5367a36dee144341190cf5dae3eb024e
26fbbc7fb66c96e4d7984443dffa6779b9ac1e7f9c59c3207a24eacdd74e0891,1.0,1.0,ACTIVE,Regularly,42.0,2ceee685825afea987bbcdc5514882a27bb5e20b46155906e4099fc71695be17
2781a713842931862c0062efce6077ffd9b772f147f388cf6217b1c73593474d,1.0,1.0,ACTIVE,Regularly,50.0,9a9ad1445bd06c2ceb0ebe2cc2963bc662fceb364bc99da19bb9a6606621181c
29e5dbb956e0a27c64b7aad7a6895f4f6b721d003e8cc0aa72e35c2d679f051f,1.0,1.0,ACTIVE,Regularly,53.0,5a786f285882dd234306cafe20f20a7fb98941a5998d5777c19798349626cde8
2a27e4f65c307dd1ee19beecf16e634218584cb4f7312aae02dec985514e1788,1.0,1.0,ACTIVE,Regularly,23.0,db65fc96ad77376832d3495ec381a73300c6e29f8ac06503b7527934be037cd2
2c80c35aefd15088dd023c0c395b1568b4d3494a266a1bdb833308e8756a2e6c,,,ACTIVE,NONE,33.0,2522afd802272a73ad75e951143dfd47209f1b4fc5a3ced3cbdbce0cdae427a7
2dba3158e22a4a5f6af20087e41d54c1ec4cc755e894538e3352e8e20cae2f27,,,ACTIVE,NONE,45.0,6cf8d56fcdfb4e488004df2664852dc42014af0c1e381cbc355aad7dbcafc09a
2df54f0d0653811fe06479c93905f3e6ecc6d07edf39d8b56e5b66c86182bedf,1.0,1.0,ACTIVE,Regularly,22.0,85c1197c3616e4597988edde1b58bb01ab60d00680ab28cc16609b17c465377c
30d1e9b6378a74a740f64c3d34f1686693d0430b03c6cd602d58062e604373d0,,,ACTIVE,NONE,46.0,0c0552e4851095100d21ea87138b747f5a8ddad6e592abf283a6b9c5bf40ea13
30d422b17c18964fed0e363780873f7cefce12206e2f32787b22c86ad8dbc7d9,1.0,1.0,ACTIVE,Regularly,24.0,b4b0b409e20fe77526d2a3af6aa2683130db3e38487c91d42ec46e655630046f
320adb4322dbc8c6f77df332b680a7d323ae5cbf1eb1ee62b21139a3e551617e,1.0,1.0,ACTIVE,Regularly,25.0,a9944e86e25c7633d494bdb4d2e84cb89c092edf583f4a5f4c62e7205e8e74a1
326b5dc3f8ec5d55994ec948dcd3438b89a7ad14821e08d07faf26551201d417,,,ACTIVE,NONE,25.0,677e7c2cbded1abddb0e1333c409016cbe8293d5aa06877a140214327579c60e
3407a4913c66700644a6ab93df65fff6f22cffc39e569eac501ff87957f4f8ec,,,ACTIVE,NONE,26.0,ba45823f2da23ab41887ce0252688e7e735040f42224f01f78dc82e3af8ec3af
3493c55a7fe252c84a9a03db338f5be7afbce1edbca12f3a908fac9b983692f2,1.0,1.0,ACTIVE,Regularly,32.0,aed5bdd26b024bdfef32c3bc88a4ebdb0e0f85d354e003ed67db9082a03ed33d
3ad1936f7d8867a9c7c447400c0db5f294fdf262f719af2bd5801dacb5424a67,1.0,1.0,ACTIVE,Regularly,28.0,b93dbf4e5440c9553c91da5645a6d44255e8dfa6def417be1c21c354e12bf48c
3df61317e6b9e605d15c1e093a16faaa056a25c857a7f7d6e5b6194f8a466215,1.0,1.0,ACTIVE,Regularly,52.0,ef341498b7f0bbac84779b74d1358fa2c29f8d7d8110aa4d6e3e124d7a79d498
3e8272741c39b3579424da34b2c8b752d2cce5010774d52eb0eee7ce81f6103e,1.0,1.0,ACTIVE,Regularly,58.0,0072d3e83064b653def134906dd7f840f43199400bd5ba0e218b85a0857e296d
3e94c4e71dbe14cbabf5357e1f0924f9f2becb0588783af0f6666fbe7eec4e35,1.0,1.0,ACTIVE,Regularly,41.0,7b8c803bc4967999fc33bbabfb5823b21bf55d1d94b9f6c7ad915d8d220dc74d
3f9497a28e50b193fdf58fb97b2229d1eb23b75bff08a27e38b5bfa7e16ac37c,1.0,1.0,ACTIVE,Regularly,44.0,03bd2d03d21274521ab544db506f70e73ab05766d476b4c5bf77d6bc66bcc105
4043fdbe22eb397206dabf520d2d88651179724ac19ccf6e69efadfd3da530b6,,,ACTIVE,NONE,30.0,2d9e9bcad85872c8daf69692f0d0ee9598092523a47c7ad2b4fab7dab82cbbb7
41883516100857b1423d6525d5df35fc7d43f8a97d545bd7a22695c10b32a645,,,ACTIVE,NONE,30.0,1c6c1b7a9343be28892f8d9823eafefd74c349472327db7165833cf6b9f802a3
4308983955108b3af43ec57f0557211e44462a5633238351fff14c8b51f16093,1.0,1.0,ACTIVE,Regularly,43.0,d51efa32b54a5f8c64d41ca12e7daa059e9a99ee31990f7703655cf311f4c3df
43efe8db05d0bbf1e55a8c955897e547ab1d50220b7763bd40973cd4452f46dc,1.0,1.0,ACTIVE,Regularly,53.0,1bbff3a30ea31f2efff78ea348712c06d478c6fcba8bc6e0f7c7dc3ac0d3ce0d
449dc254d5a3f87bcb6c63d0b47a7f06868bcc165299d02a0bbef7aa22bd5610,,,ACTIVE,NONE,30.0,9019bed6a245da1b2d087fbb54d5fff6e53826efe3dc38ebf640dfc68aa261a8
44e2e6bbec9e578e52bd2eb3eff2a165d094735029efb0d18128551d33e94b88,1.0,1.0,ACTIVE,Regularly,27.0,f98c80d75799e097fbc3a3949e113ca006d314e813bec78e615287d1a0029861
47275783ff84445cf7e257c73031f31813c0c8e8e17e18351661d5136dcd0863,,,ACTIVE,NONE,33.0,35a7948dba76df3aefac9d5aabc35448bf1df4091753099ec0a2597076ce9478
49beaacac0c7801c2ce2d189efe525fe80b5d37e46ed05b50a4cd88e34d0748f,,,ACTIVE,NONE,28.0,ab724d6cb2340bd9c5294fd7f2811349f6509a27a8bc5cabd7bb4d8fdd9c243e
4d394406bdef74c0a11f9b4e791c7d95df3369a7c387afcaa562cb4b44cb2976,,,ACTIVE,NONE,51.0,c3f780b094e86379d09448ca47bce60e66dd95185d82c9e5a61af5f57105fa95
4d5b026a812d7d24914e5e80db9ce647600de7860b43d71a47034c122483380b,1.0,1.0,ACTIVE,Regularly,42.0,d5555a44651aa4a247a191c2a07bce4677602e5f0c62d31b4cff2cdd45901e38
4e57c43d931e365659f756e5b173b79b9fdc8cbc6a5eab239bd4af7e4d344f96,,,ACTIVE,NONE,31.0,e50b32c6f975c2b637be8b2c126a49f7f2ad04e4f338cad8e44e42c521318d58
4ec31faebb893bfb989055ea18908c7dda792bf454735ebca6ed28afc28fa030,,,ACTIVE,NONE,54.0,dd7cb6d418517a4bb0449b8cf8e180c42daa3a9f6a77b4b7f727c347b7fe40a3
4ee54b1f49d611bd439994603319ba46609e0f65fdebdbbdfc35d3356f710a2f,1.0,1.0,ACTIVE,Regularly,27.0,48bb7233848d9fb4b7943d1dc7376080192d7a8e7dc30cfbd0651067722ea06d
4f87d704f19950321715b90f5c41bcee9b19a8a6c4f31fa52970aaea75e3c57e,1.0,1.0,ACTIVE,Regularly,52.0,f5e101d3f5217a33be8327a340a723495f9ff7c5ca1a0333137b77f36d5b56cb
4fd20fa4ccc486b89c4325446c5b9db1514498a03f9da3f9e3e45aa20c18d117,,,ACTIVE,NONE,46.0,6ea676afb48a94526c5c378b82f174f94357206f5bfee20a7697261867bc43be
505cce4d28eb35f5066b1e4609d7b13c9f1be118ebfbc39a25c3b107f61aff3e,,,ACTIVE,NONE,29.0,9e1a5cd9f9aad83d0e219763d36d877193c7f311cc7c685dbf58450837999cdf
515063086d89b79fa1c1b4fd83248e7c688e40f0fd8ff16262416901a044e53e,1.0,1.0,ACTIVE,Regularly,24.0,f02b7bd36e0e6fede7991913d6d5a3213fc74dd28a34bb30cb7329889d903f4e
55d15396193dfd45836af3a6269a079efea339e875eff42cc0c228b002548a9d,,,ACTIVE,NONE,36.0,ab522f6a3ad49ede7552234ed11f5e7658b8678832010a251dce6b0c96daf4b1
56a37626b0fad499b890a61585c6f8cd9aab7969d86c7ea25802aa310619fd90,1.0,1.0,ACTIVE,Regularly,57.0,2c9541f467406d0e09bd7a8950cb3c74f1f264bc56962257a4f5df51095efdf2
570f316b7a55a278bc22b66cff78e09b54f3150407bfed3d0d1b1ee57e28bb9f,,,ACTIVE,NONE,24.0,2edf3e2570d9678927cf7bee092279b297c7dd4f4f93861cee86b6019a870d47
58388c01c7fded48c321e36282daf9c1e02da9f44ee9ca842e38205b1bd9097b,,,ACTIVE,NONE,54.0,f71a55c02b3bcf5a7e77266fc2c7cadd9bb5308e980422915ea6bbab49f95183
5907af5ead8b9e732fe964f167030c90c2df2f7ea137bc28c58c90799bad428c,1.0,1.0,ACTIVE,Regularly,54.0,ac84df2f3ad032db6c6057e82f83e275be9931d27f2f41f30dbfa01355dbd4fe
5998cee76f6c06d2b661f02d2997e45178bb42490406e490511368e7519ea3a0,1.0,1.0,ACTIVE,Regularly,49.0,7158f6fd0dd8e7f7e5844be568dae78dc6f837b768d9daa0024f93403767e68c
5a1cf6cc59d94c0cd039b27524c8f5e42a9e0e0fe240fc340e0bef659a0cc1eb,,,ACTIVE,NONE,38.0,9a24a597d58797b9ab49717deb6fdf717f0c12ea5da1ae98a48ce075b178ec8d
5b8aa448f9eb6235d403b43bf1279813a33527fcdee38de4cf1f674a5badf65b,1.0,1.0,ACTIVE,Regularly,42.0,cc4d7b059c59d89e1641c232dbba5bea5716bd9e5e7d787bf61587a8ac1c4328
5b9162256d6e071146a9ce951991e707272f9f97ffe0e41912318c86667952d3,1.0,1.0,ACTIVE,Regularly,43.0,3b2cc9dcb886dfbb70a16ba8f5a625ed26819a159f2ac26bd76f335405f0ce8c
5b9273e0c51365efc941c38f522523398ae3bf5ca3092193f7f42a1ab4d7d2ab,1.0,1.0,ACTIVE,Regularly,50.0,7264e24764532133683b5d14d2172ffe7191aa9199bdaf012a0301737e559018
607c6a5ff6c64f04d8211ded25f5728c1e368f8d10d746ada462ba0c53c81b8b,,,ACTIVE,NONE,32.0,d2946455bc75551b7b923d38ab3d9ac140e991c78a0c4cc1315e52ddf47f9af3
61f333f21ff1cccd57178e55321b9db5e5295be852ec7edf154daec33daa9bd3,,,ACTIVE,NONE,23.0,dd71819caea677a6f1ac7eac92d60f920551d5cf7f4083346d5360e20e620c50
62aee5f7cf8d2250324a54365d243bb053fea875e3b33d700ef785980a8f4078,1.0,1.0,ACTIVE,Regularly,64.0,c2949f8631128e8609392036a01c88b432f50710732246d1508de040b8b8f73a
62eb7f6a247863fa029692beaeefdee2c64b1c34c7e865b981b5a9947e416198,1.0,1.0,ACTIVE,Regularly,24.0,dcccfdebef362e95e64383309d9be39823c1fced623b532e2fad82e59ab21d2b
6327c593aec6a9f001a80fb1abcba8d8c269def0aa313812df7aedc2994b66a7,,,ACTIVE,NONE,55.0,346445c8bb6a9c9349ecb3265d899f06128f22169ce00107fe13cc33b6b89b44
63e31fe0803e77fdaea7517ab8245e488ddbd3cb65cdd8ed0c00d3e12e790a6d,1.0,1.0,ACTIVE,Regularly,37.0,7f2669349ba6ecc4601eecd157c92507b2b3b6f49dc42cccdea0b98f1ee74beb
65d3fe53c1daab078c0f6b538cc85ee24f08aca975529191fa58960dc02c46ed,1.0,1.0,ACTIVE,Regularly,31.0,a5ca21aefc3cf90afd9b09faf3b0f8f3c423d4f1cfb4c2e33a1b86770e426fa8
6699f75dc4bb992d6053c202fcf4141e1940011871b917eab74bfe559b33c5ae,1.0,1.0,ACTIVE,Regularly,23.0,7a3d67627df12c062c953f5349ecfbf11d474142e3b6016bce8e850b3135354f
675491ba050dd7094274989e7d081e96240b4624088bf4555596e930426e20e4,1.0,1.0,ACTIVE,Regularly,32.0,547a1104feef578a085544b55a239a16e2ffa07006d1d02d8015e5954882e563
67931690bdf18d2e328854ae772cd5ce2505fdc11164693998b13e706db0bb56,1.0,1.0,ACTIVE,Regularly,55.0,c2a77fe2ea57d47bda150b792d51c2bcb45dd5740644e4f78fff789989ded23f
6881f635c5be0550646522a81a07d942ee71fcf603397d7908b76b1df2298745,1.0,1.0,ACTIVE,Regularly,28.0,070f1e624b79d6540ccf7a003af852a95e7faf4f66c70d435a1c1d5df6214c1f
689f4eda82fdf3d9bfe8e524bbd0d931c4d7690f2234d3e48779f924aaf4103d,1.0,1.0,ACTIVE,Regularly,26.0,08462665845669007bf0d4550b9a097472afcbe4448e5935ca5c9be617a0c77f
6980555e2eaa19a3f9f8df02e983a8e50abddf6e49cc6310ee45cce60284b62f,1.0,1.0,ACTIVE,Regularly,47.0,afd7936d1074fc3c0d1834735f815ebf0ab1967d457bf5bae0db3a7a6c31d871
6ab45ee23482e722627e18fae22f116d315be23b5a657a77749c45bf192bf505,1.0,1.0,ACTIVE,Regularly,36.0,f335c7f717d7847ee02f859f6da2528587a41df09c66b98ae9e66f822f085935
6ad2c5538d44def5d641d52bf37920d403732a3a99b7f88a8fefcfbc6e6aeb73,1.0,1.0,ACTIVE,Regularly,29.0,474869682d1bbe5f286ad85ac6beb15108d6bf9945923fba93fcfbfb51b45ae9
6b47a05d1c6914c87331c2ec893dff5e5b071dcdc15427c01d68a21ff0e3b2ce,1.0,1.0,ACTIVE,Regularly,49.0,6b0b23850ee70a7b515d94e8bf864c88bae55a937a051a1eaada4d02d50a970b
6cc121e5cc202d2bf344ffe795002bdbf87178054bcda2e57161f0ef810a4b55,1.0,1.0,ACTIVE,Regularly,32.0,6480abda4aa42dcf1f5c4597c616bc53365825f1cbdf6835fe4c08ca769abcbe
6d0b9ab5b4eb5f5212cdf4bfd3d5094802f8846bce018262f5ccb8cf8364a473,1.0,1.0,ACTIVE,Regularly,36.0,d2da5fe41a37e59eae8b354dbb30152a4bc6fc369a902a1cce027f7b4c195da4
6e378d7d9f037a2dc5f2792656934cb56310635995505054f31bc99121229480,1.0,1.0,ACTIVE,Regularly,49.0,2bdfdae1bf113a9ae8455a9a29fe4c3b134bf50bf9c33d20b382dc089d22223b
6eb92e228575405baefe77d645a8533c9c685c506934f8b1c9d8de380b93c845,,,ACTIVE,NONE,26.0,9a2bf89a9588f9a95cfc448310574d5b38db25dd5b555fdfd093b56b9be1c925
6f0c11888a1976925d8335d2935afa98a0065651f02898ddf8112e5be761bf86,,,ACTIVE,NONE,44.0,88fdb41d8fd05d81053daed68ecf2d9cf2f9e98f5ae732bd2e8ff405e643250c
702ae6f3f3d19e1ca226127f032474aead6247fdd63fe252e5ab02d38de8517f,1.0,1.0,ACTIVE,Regularly,34.0,a8da6a3a92ce030375f3ebc263a911cedaa1e3c69834428f98989fa5ddcf9ac8
716d31c400d20613322bf8a2ddfc621604ea9756c054de47e8220d2ad94f5e78,,,ACTIVE,NONE,44.0,cbd8014789fb73ea395689b61356f34aa3feab990002f42d89a29a9a81b950c8
71986b564f1a81551a73d67e8b63df9d82a68bf1ebad24ae588e9794c8a39391,1.0,1.0,ACTIVE,Regularly,29.0,93ff91352e6da2aadb046ff3f261fb9b31107feef56aac5a2547378f85b753c9
76dbb19ea2c831b6ff85b7a770fdfa64bee68217ed208999947910477dd7107e,1.0,1.0,ACTIVE,Regularly,54.0,3b7b6b897c334dac57977ddab30e6adc8cb57a8edfda9360a43731c3a39f0cfe
77cdcc11e835b84fdf84df083bc371d326842d4e76cd65bd4a5b90387764ef3f,1.0,1.0,ACTIVE,Regularly,27.0,44c8602644011dfb74b78fb3ab2a6932b209487b3505edb12fece49c4586a62d
77db96923d20d40532eba0020b55cd91eb51358885c2d698a2805e79481f64a1,,,ACTIVE,NONE,27.0,fa13377323994a5da29d96b01f86205d05aa5ebb2ad6fa63608d9b88c142f185
788785852eddb5874f924603105f315d69571b3e5180f3a7ae6970b55b6d5dc9,1.0,1.0,ACTIVE,Regularly,32.0,e3f4e08b31c34fb5c82e934b7430999d95d4b2c652fd30c180795626c29be33b
7941e77cabb9555c4205adf05fc1aa4b60b16dcbed8a32f0c2a0157c70927d22,,,ACTIVE,NONE,29.0,4211468c7516730703402d15022c57f5b7d7e96f4ae19077d1be1f3e56f4f06b
796c039fc704b14be5e008d41c0f4d273c46579f53511a59a8d5f79ed821301e,,,ACTIVE,NONE,31.0,a47f8daeac2dae3e4a5594f62c154be02c0978d0de172b19344164aceba9cbc7
7a859c4f0a3aeea904d8436153f3f6c4eebf2e99b485c6c6f89877d6797eec98,1.0,1.0,ACTIVE,Regularly,41.0,8f01674ca2d546a04fc696430da2afe2d1bbc5541556933c578cf801b78b1357
7d39df7c40568a536cdc4b11895bf8802da1c28537af0d232e12246bbb1cf817,1.0,1.0,ACTIVE,Regularly,35.0,767698df08a34e4cf9e6481564615f1a2d856ec563b8ead578e2e528d16854d4
7f0ac4394297dc4a885d3b9277ba526cbbfbf7fb7cae465b256ed8e55b864f03,1.0,1.0,ACTIVE,Regularly,33.0,2c170eef5d71c660d26538cc8ba016cf8a65274925d82ac031f6c92632b619dc
82a2b96739347895758330d4d1001ab5abbbad43c7bbfb31eef08ef25b52f366,1.0,1.0,ACTIVE,Regularly,51.0,baab4eeaf4e67788493871ddbf011dbd80c1d8da8b403476ad86b268a0db3e6b
83e13368a1ab1510788b309c89e5e987f3cbf177614776a62b6ca5f7334a58ad,,,ACTIVE,NONE,59.0,82c3f83331d659abf1dbc36637c0604f030b52f7a76bfcea5e49873fff49968e
84c34f4f564db1f437943c77af41f83bf6fd7c01701cbb050070369176905712,1.0,1.0,ACTIVE,Regularly,53.0,5f128cfa35124fbbaf9a782510be2b8410df3bab1f482d342b959c9fb9a7ec34
85003463ce5a00345575d281384559b47182c6dc82c8e4696e5ca5e08988bcf1,1.0,1.0,ACTIVE,Regularly,52.0,c16692f2751bab531ef4b548f5ebe80b719de907f7112782c1b195011e8e7afc
851a88d56941fd5c43795a0f8bc1d2d04d66821e740930ae1aa6ca00f3a1b9c6,1.0,1.0,ACTIVE,Regularly,41.0,cd2424eaa9d2b9eb7610937930c51304025c2d8e8f47f8ba424e4a224491d4c1
86088b6c51b12af9a00ef5ddfae37870f6604f8a8626a177f20f0fb880ac747a,1.0,1.0,ACTIVE,Regularly,24.0,c0676c9dae70a2673dbf3d1dd58aadbdcc1a6570a7f68da587c6dc5355583776
863f0e03da282ae32a76775ce55d8a4605a85c84a26066e1ad0e9469e8c40e68,,,ACTIVE,NONE,27.0,b6cd6d4a8a029ceb76b9bb83781c4bfabd02fdf4253092d4d71558d281a75bac
8801eac41d19f2f9d118b13ffc4148513a42f5cee7144f589c38176a41217919,,,ACTIVE,NONE,27.0,1c52b1ccfe54f9509f9a38dcfa51023a76c22231faa168fe559ab3b269430a25
898ede9fb639eb2aedb2d1d433eea958817e2bbb9f94524b3a0709af6fb5257e,,,ACTIVE,NONE,43.0,4c738bde75aa2b63a0bb31406e00ce151c6926b70a59aa0ecb5158ee577c1dfb
8a9d4d7e454a745d3ac77645ca8afd7123b1f3d5d4e4bf6c7de13c9e7bc54f8e,1.0,1.0,ACTIVE,Regularly,50.0,3f2ead7fbb153dea13d59e9319fda1e7647dadae2658b97a97fc6215327065cb
8b7d3bea1373b85e44b9f65e7685ebf3ba8614cb3fa441babfa9cae5a152aa33,1.0,1.0,ACTIVE,Regularly,42.0,69d4a32a471daf961db3a037d8a3fc2d4d5e865a25c5151de810c66fa60aff55
8bc7ae4dfbcc2a8e66cfa14f59eb894dc0defc3ab11cdeb095cd636d26437179,,,ACTIVE,NONE,55.0,9aa5b33ef6cf72cbb63470462ba8c9b223dc1457908192c7d454861f67220116
8df45859ccd71ef1e48e2ee9d1c65d5728c31c46ae957d659fa4e5c3af6cc076,1.0,1.0,ACTIVE,Regularly,60.0,9a91a77e198519db58d9dd9c55aa037846701ab4d54a9d73ed566c20a73eb77c
8e469168c1e6e1adc89a3d1ccb456ec7449aaf22810c3ef6fe1b09821aac643c,,,ACTIVE,NONE,43.0,d8dfd0f901313860de262086649a9af9af308cd8f1f9591ac4e5966a70258038
8ecbac3466886ba06b611fc52dd86762a661f57a7ccd2a2138ae2439e36d7b37,1.0,1.0,ACTIVE,Regularly,33.0,3671f5f84a4b331e03243ad4bb40b0b1d3dda3c6cd8f4918b965c33bf9351a11
8f0ab494e1a929cfeaf6ff0923c7d5014da58431c48d2cb8e2227d40453eedf9,,,ACTIVE,NONE,53.0,2f8a8ff57fc032850a3ee1a01b83f02d7e7db0e3abd1c5837cc8a7b1dfb7f203
8f6ef86ae0b385b49785319d8f8ef705c5c8561eb793776ac4400bc7e83cae62,1.0,1.0,ACTIVE,Regularly,24.0,107553d61bfadf1402242b8008bc4c2f5050d075787a6aae40b66403f416ac89
91e5e7986aedd9d6683d616be8e1f4c7179bc42963b9b5052f355d24d214d9c1,1.0,1.0,ACTIVE,Regularly,45.0,2324d0133acbbd63a6f7a486f79c2aa517d0e71aca067a00de171704c593a5c4
91f3ab5944411eb3f6f79e93ab430f3d4ff92e5a5d4475c3d85d47be261fd95d,,,ACTIVE,NONE,35.0,bdb89c9f4aaf6672b42a921662a3aa84db8644ca48f23d41452626b94dd94cdd
921be2c5d4385468f61e045b09f78f2349aec418425e7969de65f88795df4dd5,,,ACTIVE,NONE,29.0,cfcf9a22cd87e0fc3db18ce2cc14fe632d3474f172e6d063622f0c157907e1e4
92838b6470bf09ea2247a7f244a059e13eec4224cfe93d716482cfe0936d3f60,1.0,1.0,ACTIVE,Regularly,56.0,fa94fca8b4ab1eea247a77450e1a08dcf3aeccd98197fe3035bf480f0c323d37
9284adebad08ef23751c13dc146f084b22ee325d8ab4b1040fd647a9cfb37524,1.0,1.0,ACTIVE,Regularly,29.0,3585d2b58ec4ba316b310d77f8f9dbd704702a4e8a6eb4eb5d543881cf45940f
94304b03ce46e62b360d7f6921dd7a498f189ee8e5c1cc295242608eaa86f8ab,1.0,1.0,ACTIVE,Regularly,67.0,5405386bdef4fd48239cdc97bd71d9f758c8f1d18dd0f45f6afa8ce0067d7b68
9473467ff159c8ea63c93e2c0eb60a65108ed6efd36fdef502b772dd6e369b7e,,,ACTIVE,NONE,42.0,0a7e39fc2ad1135518681ff4bf034a697143684cd4790c10d53607e463831ac0
9478a9e051336b0373b07172ef96ed923cb50e0d54a7e3998250c9f5ccad2382,1.0,1.0,ACTIVE,Regularly,67.0,a0b2eeb3860692997cc4cbda9b19ea4f91ea7e2179949a8ec6e9bd43934cd8d7
950159306933d969b06b43f21a92a29fd37ed81ed8786af2dee5f6a22f8b553c,1.0,1.0,ACTIVE,Regularly,49.0,4cd7f4aa150fba3379f775521770896a01c34a8ece6f3ff37607b96a27d3ad4d
95f9365a9294512718a2f21082b3829ab555b9bb3c5c4a5239f584dd6f4a8ecd,,,ACTIVE,NONE,28.0,6152021aedf172a7b85404956ffb4c5c98fa3d511a6ab6fea856bc95f38bfe69
96d0bb2f832aafc7f7184a9e6040511399ab754860319307800789cb8db93736,,,ACTIVE,NONE,37.0,758632e1b9cbace2ce712325e68c61b32e6152485ae706cfd21f7bb5daf715a1
97a49d226761bff219aaf5b4a8e8b2ff8764f99a4db891545eef9d62c3b05f27,1.0,1.0,ACTIVE,Regularly,32.0,e51fe3825fdafc084aa819c8573b302057dfe9001210ce127f15b44677063cbb
98e6d2f440e7b29dc139b2e911f41adc1f814e09f16aca6e373041671ab2bdeb,,,ACTIVE,NONE,29.0,159e43c68d80ef852c94be3a8378e0eff473bf2802025bf399da960219db8798
9d50687e366b49577c136952613632b9f157cb9051cb71950714c7ba92ad6d56,1.0,1.0,ACTIVE,Regularly,41.0,fa971fc04ea2f854c5ad2b5911586b62d0c3d258ea9690fdf149dc0585e8ea59
9dbc055471e6893cb38124538ae0b6eb09d218ad698b904ec3e0c1866b96027c,1.0,1.0,ACTIVE,Regularly,30.0,b22e50da70e109b15e2557d71729ba6fa54483bb6abbdc39a9d19602c3323b42
9e78417360f6f9070f086ed1b40e55287ff9240e77cd9ca69999134df842602b,1.0,1.0,ACTIVE,Regularly,49.0,a7c306e901344964ac4d0dc057c7f2f971f291238d85ae9654d9d8b5f5f9e338
9f12a01e2982f70a820b5dd61528bf769b94c5c5e43b23704f1f654784bcda58,,,ACTIVE,NONE,30.0,af12619e8d7c308050b242b86d4b3e5ce22b49c077c098e64cfe2688ea422598
9f6c23280232f1ed6f1d8a68f6dc0de37d9495b6ebe4bde8e93f95342d49c3b6,,,ACTIVE,NONE,28.0,64a73cd9279cfec27a33e54a8a5a102fb66be9c309730bcc781e0a1bf01e979a
9f74e778439f4e619f107dcb3aa173f640abb2ae46496cabc6d9ec0dd730f2e0,,,ACTIVE,NONE,28.0,e2dcea78cddc6b4f2d08af8917c84280469b5243148363f477d5a3837af6c1ef
9facc7e5247374694a2cffe333d373abcb00545564326c3f78812d7d2e214e5c,1.0,1.0,ACTIVE,Regularly,28.0,77eadb219d1a086ce1a74a18dc16fa39104cf2c43df473f9f77c36a25e40c69a
9ff538b9a79943aff0eeb492da5330595a57f696099a40afa66ff9f6beea63f3,1.0,1.0,ACTIVE,Regularly,56.0,a962e57b8d420c60b3346c306d52098a1d436c631f2e5338f37a3bdc2bc1c83d
a07fbd05aa2131f0cef26ecdd3d07598469e111b685d2c61a57b4fabd2cf7abf,1.0,1.0,ACTIVE,Regularly,40.0,4e02800607720990ecf85b91a9f296376d8bcbc8527ea48b5d2089954b4e74d8
a13f92a54d578aa16f574be5b4f94493142d7019e1c7c4b2261123387bf5416c,1.0,1.0,ACTIVE,Regularly,66.0,282730d9278eee20aedb6a094f208ffcab3984f16b4fb0a1180a2535cc9c7af2
a32577fa7a15ee0f5326bd1419abc0374e0e2c9d5be1286555971e77f29a0694,1.0,1.0,ACTIVE,Regularly,28.0,15c89f529956a05ebaf6b43bf4e412b4c41280ff25b8e40a35f2c73e0fc23bef
a38261c1584aede7d89d33634cfa9da83c2b7a5662da9a358d42f26b6bac15d7,,,ACTIVE,NONE,48.0,40420abaee34a403fdb11d9330d3041c038cda8b58a7c1203b0ea09ac2dc681a
a3a49e164a72731d400297d5d182ef6038c400d9696afccddeea2a79cd0bb92d,,,ACTIVE,NONE,26.0,4e96d414994ec217b4fcb4aebff8430cdf02c19e87b8d415da71a1175d25b4bf
a3ab708684132c6bbd3dad7aa41f9b9c7d1c95d7d5cb1a3a052905191e858566,,,ACTIVE,NONE,35.0,82e5823d67d2512ae956a6694891190f18de03b6a6d012de9e22369148c02fcb
a5980b988e53ca59e5ae50af0835f2b66c231d4bac3543f9fd28cdfeb54ab4e1,,,ACTIVE,Regularly,29.0,a5ca21aefc3cf90afd9b09faf3b0f8f3c423d4f1cfb4c2e33a1b86770e426fa8
a65f77281a528bf5c1e9f270141d601d116e1df33bf9df512f495ee06647a9cc,1.0,1.0,ACTIVE,Regularly,61.0,c46e53a04e81a44fecaf0ec64ae353bfb3abc91f510e79e2b239c9d06336ff94
a76cf5ea515d09f22b7fe3e8ea3c1944316bd6264a90e26cef126242ef3c5e11,1.0,1.0,ACTIVE,Regularly,25.0,60238ee5acb65000ed1ca3043a92516ec129140b57f6a78ec6b78d3f57db51bb
a8d14751a68b4cab69fed60b169c03c5d62f1c8b73fb1c039f7a256e54fd2377,,,ACTIVE,NONE,24.0,95d87b86e6a87f9321e37f8f4b14d458d762797e36d297878a639a9b29c50973
aa5d58330818c507141333ef2f4874481921a07fde38f3139e5842c9783e2a27,1.0,1.0,ACTIVE,Regularly,52.0,3a83f83181263c50476f87da13e4299c8ca905782d3f89eacd6b21f4cedaea70
ab315c222174fa49dcfcd8de00993b40dc32b2449c8c925ca5f9e5da3184c88a,1.0,1.0,ACTIVE,Regularly,52.0,77702d9582e9deb85b07f2ee6783130c98d0360f13be474ff7f7e7fff40cdb75
ab7aa137c93bda0b0367fcbf927fb5e3d435de970a4b1a99e1bb1c355c1e0707,,,ACTIVE,NONE,44.0,2216e8f3b92cfc13b770848afc29315f75ed5b90349c0324b19eba1bed92bb73
ac078972395fc6edd27d6db647ec2fcf149cefd4c2fae6b5076a9fa7d2124406,1.0,1.0,ACTIVE,Regularly,28.0,0cc530c0cb9280137cdb39c4ebadf9785c8c0c2973999c4c19780949f9422611
aca6da799b537fe4c951a32d815243e51bf9c106b522720dbde8aabb3ba441da,1.0,1.0,ACTIVE,Regularly,49.0,3effeae0dc727ad496091f39b81d9b38467579230d837e76069f0cd909bece3a
aceca8dedf9706e3a9a51adcfd1969e2a0c0c68f123c9b7681dea8eadf45d6b4,1.0,1.0,ACTIVE,Regularly,41.0,4573d24b7627c9027d0024be39be03e4931294974355d29a79e7c8e2c7b4f2ee
ad3090d52d11671ffb43bfaa85e3620eff669e8c92c9114ba7755876254cbba8,1.0,1.0,ACTIVE,Regularly,42.0,ac7f331c62e72ce58149a9be971190993c3d0da291388afcf9b241694b227253
ad9f49c07491fc3da4b6d6f047fa3d17c147d4b66bbaf784651e5ab3aa2f1a4b,1.0,1.0,ACTIVE,Regularly,35.0,54b22400100d5e07488b43df1e159e260031979a11fe5a56c564c0d2612b6d5e
ae414fa70eb3c2ae0ec1640bbdf588531c8d034dfc5c06000e19601be6cd34fd,1.0,1.0,ACTIVE,Regularly,46.0,8a100d26b9040246e1d4331b5f695bfc054140ef4e8d4b4480c08b738e79dad7
aef98873e9777ee75ed51ad3ef538c95c0c7e7275c794f1fb7e486378fa877e3,1.0,1.0,ACTIVE,Regularly,36.0,b4a289701a27c6cc9f34c6ecad02514d388566962cbbc9f5095d6809de02a92b
afca0bdfe88b260ffce703979fd58c845983d91f4d99f299bb96c4af2c71a2d4,,,ACTIVE,NONE,49.0,527002d1f98516b2d22e06e230fef3e15b534cbfe9df69cb2a5860c707b5f7dd
b0dfeed3ede47622bc0fedb867e17e29c702b53e928eb2996e6b4d792ec96550,1.0,1.0,ACTIVE,Regularly,48.0,977ae8d11a017d3fd2e2eb21937f24f718ca5b22d6e118cf417aa43c30b73523
b14bfba3ae0da5af6e9711059773acf713cd7bb9a2c940ddf570affb715988a0,1.0,1.0,ACTIVE,Regularly,64.0,37be829bbb71e7fe00b0ec29c3db06cbb10849e6cdc27b6702ecfab9cffb8a33
b1f6279bf42c22b29e1f97bbcc3163bd5128cfd4b8a2c023d0d06d3bbc1241ff,,,ACTIVE,NONE,56.0,3ab5f6c4bb2886618d1d56d59133006395db6dd09713f063d0c98d1d53ed4a51
b4ce0181daae6d9753bd4f681353ff9366a9dcd0188d2d8bbaa6f7d4f3ce0e36,1.0,1.0,ACTIVE,Regularly,26.0,d06ad679c05d707ffb6ce013303c1f4a6441f57ad5bbee906ca475e412ccfb66
b4db5e5259234574edfff958e170fe3a5e13b6f146752ca066abca3c156acc71,1.0,1.0,ACTIVE,Regularly,25.0,4acdec769091cb0bc94cfd3324843156dbc572a7281ae45e01d7acc93a8e8b2c
b4e8825a3c4d1d81c561c188d697f140f9dff62f49b0c5a591479bccb2e8c47c,1.0,1.0,ACTIVE,Regularly,31.0,0138c69a6aa2d75fe0272a7a2eb6431afe5a4d065b2ecd2b4b5184d8d3664851
b637a3e7d8b0caa947aaefd609b8d84a9ee962cf0a52a51bac507ffc2bf1b741,1.0,1.0,ACTIVE,Regularly,43.0,ca6a33d3e52bd841e4be573a123ae2bcff3e6af65cc67af1d8c9dbec03b250fa
b79de13a78298e5dfd735eacd18eb8abab46a09d295edbd68cd5583196f82a01,1.0,1.0,ACTIVE,Regularly,47.0,56dead9af340a870adf7e4f18b33b2a2d8ffa728e31715fdd71a28bfe5ff7ab5
b87f5954dc89a978b880b71da8d6660cd8eceb8f0f5b77cd7d17684202d17f19,,,ACTIVE,NONE,30.0,0ac88ba017e149423cb85d94790da412f60c5c943038a6393a60300d5287bb3d
bbebb44478948f5052c3f4c5dc04f08653e7938886a85685917fd22b92f22cd0,1.0,1.0,ACTIVE,Regularly,24.0,26c3f0ede5bf5ced1c8daf0bd51a54cfba90561c64812fd3483411ce5fb6723a
bceebaf3d6fdd36bb1064dc72695704d8a7943d1244a4447d4aa2907b21bb8ba,1.0,1.0,ACTIVE,Regularly,24.0,1869c03eb4b0ab9e001b2f2f3a36c86b3c29375d8451c0bd754be0f5e5107426
be1981ab818cf4ef6765b2ecaea7a2cbf14ccd6e8a7ee985513d9e8e53c6d91b,,,ACTIVE,NONE,31.0,67851f0456e7070c20c713fe0f47eb15bcbf2a59d13b79d8f9993957fab9119f
c140410d72a41ee5e2e3ba3d7f5a860f337f1b5e41c27cf9bda5517c8774f8fa,,,ACTIVE,NONE,46.0,28f8003feb7f51128f600df30f168d84712718eb94c9d8fdc26857ada82d69bf
c33651e88b79b36a2e4890e2829fcecf12beb4b88f8b378d00b1f9ba00b6b083,1.0,1.0,ACTIVE,Regularly,28.0,28d844d2839792d77ed6e575ad8165183fadc8b5563590dd952e447ce8bf5d9e
c3bbcf0011725dd1012eef2f6f16e28bc3d0eb2b25a4b7c9f4f98cf97821d83d,,,ACTIVE,NONE,23.0,3a5367bc8e356cff4cd9ad8c88c68c59522d6b8e2028048818c79540039b5f42
cb7f7cd4e400bb19012ed33d4f2afc4117c186782bac5a18ebc415005fb3c3f1,1.0,1.0,ACTIVE,Regularly,27.0,8502a28fbc3ff9f97624a2099aafc51bb15f7dca515d5148925a46795fe07e9e
cc5484960f95517ca58794e20b4f71733672528db43941fd7000275ccb6ac7ee,,,ACTIVE,NONE,28.0,94e726a53befd17e40f1daa455fefb97203ada702b696ab013bc6af93a8d8ccc
cd04ec2726dd58a8c753e0d6423e57716fd9ebcf2f14ed6012e7e5bea016b4d6,1.0,1.0,ACTIVE,Regularly,68.0,771dc009c1a3bab320696643c3396319f1b1dd67ee9de783aed050453bd0ea6d
cf0c675fd8679de6912463271de2081cb1f4178b819c8f6fd746df283c1b70b3,1.0,1.0,ACTIVE,Regularly,44.0,b1ac42d2c6ebc8d6b8d3e28ec2113518eaaa4decee7d84d81806c9cd8abaa501
cf8681fa653c0d37dc4bf5f737500dfd08af338d99483e8f383210e95a5e251e,1.0,1.0,ACTIVE,Regularly,27.0,14eb8c2e2795ce2f7ecedcff595497452db3cad7247267c4177e61e4d8035096
cfe3088e558017962bea0427207a7319ce247f47fbbf99dc29621b0ef411ae23,1.0,1.0,ACTIVE,Regularly,23.0,d9704890a2512ad39dcc2eb351ad6386c8ebe2ce4a50b1c790659e76eda5bf14
d00063b94dcb1342869d4994844a2742b5d62927f36843164fb3f818f630bca9,,,ACTIVE,NONE,27.0,ecfb1e6aed8dde7c46c955c26185c51a1c21ca5ad6f819febb877c2506138204
d0374e5dbfdc4e46964250db2b129cc74b9cdbf6c882dc25b0b9c7d557a6cbd5,1.0,1.0,ACTIVE,Regularly,47.0,e639944c56bdf23877c4fc69a819f446f6e21ca216aed2eeae89286bd96b9a8d
d190fc2dc41e27e5f79f8b1f58bfcd7a13ab22857f39ca9f1cd12230520d58ab,,,ACTIVE,NONE,28.0,bc9e4f78ff9c53ff00eef895321d74535666280c01cad204ea05d5e15de6bdb7
d3b5f70ec21ad1718cf4951445e97007de0d4e85c39ea9fd2fedaf1966280943,1.0,1.0,ACTIVE,Regularly,29.0,218d852f11c791cd9345a9665ec4a3e4ff9b2f05786e676ff3ba4958f3e9b39e
d3cc9c591adf39a42fe82fe6a16acb52cd5ea0f61bcb5644f1d3a027a5814486,1.0,1.0,ACTIVE,Regularly,51.0,710e50221f4449e1f6ede33b91d52d3d4c317b9a955f841518c8d9228b5cbc0b
d426886e28420985dace253e989c7cc3211440f421276112def52124165cca2c,1.0,1.0,ACTIVE,Regularly,35.0,f72351e2997d24c0768e2927c7d63523e43d75f77a76fedfd204b605b1131baf
d656aff527a119a1c1f23e09281ad13305e11584b977b48c3a35f048d2a713eb,1.0,1.0,ACTIVE,Regularly,31.0,cbf2f92f5536d423f64bf675614a298ab1e6a286241b43d56a8df166f790f6bb
d693e4e0a283d849c93a4a1e1df223369bcb2952e23f396f07818ab21325c08e,,,ACTIVE,NONE,32.0,4308e92cb70647f79bb82368b4888fc22638e39849d510616eaba43d73e21edd
d7ccd94737524e3138287b27dc457b1dacd3737820e27f98019b8ba84d7ffcac,,,ACTIVE,NONE,49.0,67827a5d1d833f1feb024c65f27cdb4e1d6196b43a8d3d1b5ef7301ba0989bfe
d80ed4ababfa96812e22b911629e6bcbf5093769051ea447e2b696ac98a3dae9,1.0,1.0,ACTIVE,Regularly,61.0,bbd1cf1b244baa0cc715bcf8a3bee1faf248ce37cdb0c82b9ef0abca704da5f2
d81c7968507a595ef5f390a06f9a591902c06c7f7b7e0092b01fbff1d45dd330,1.0,,ACTIVE,Regularly,23.0,22eecd3211a556c5124d6b69c0753ebfb9285d7aad7042bba7e5cee38b6f5493
d8c54f5ca6421ba8c5d7631ebdf7a5b67ccf2dce4b859caa7092be3c8b3e261a,,,ACTIVE,NONE,25.0,3ef8732185461d61ebdd71c4ae4d4f7b148283e0633d8fc943e4da6a3e6f5da6
d9d809b2a22dfe4afcbe5351c5c3ca2ac6f375ae0dba65156ec9ea422428053b,,,ACTIVE,NONE,57.0,3e2c5a1ad2bcf8ad8b1c09b191221fa48de673319f6f76f6b93f7961c3c4c116
da4991d090dbc1bc54c0538104ef2d5dc46ac40b2b0764294a2f7465c586dc5a,,,ACTIVE,NONE,32.0,00d25e924bcdca387c234a904e737803948ce508c6a004afc41466b32cc878d7
da8e753500e68fc1a629d04fac2ea0f33856cfc58b6c924d9a7965ca26d5e3e1,,,ACTIVE,NONE,31.0,db1acad64a4281e48b6d4e13a967c37e9c8547e60d6f4665148848fcd0eb8660
de34370ddc633d06e5e1fc916b44e9141a87853cf06dbcc1ed33d5afb04a4f7c,,,ACTIVE,NONE,24.0,8291081924c28433ade4e57969e48373f5cf3becc078aae425a8589fc6ea0211
dff04c882813741e23a781baf68982bf318177ee0759a7273667e2222998dc62,1.0,1.0,ACTIVE,Regularly,55.0,35780b51b3f0319ad7f2f6c862e946475c000b1360b0d196d00d84270ed21188
e049069ab63b1ca72edc830ea5624c9bc53ca4a120a120b11bafe5d836c5ead8,1.0,1.0,ACTIVE,Regularly,32.0,8f17865e92426c23782133bccd8940a623ae466f8b849f04321c0e31f6b1a6c9
e0c18188150a1b6cf8b54f407c50a63989d7183d3c2ef8cc86acd4ddde5b06bd,1.0,1.0,ACTIVE,Regularly,26.0,31825b7bee106417c318e9c87ac5c4970d317dad635686ad4f6469fbfdaba46d
e238725cbff3774b711407cc000f42c0ddabf6b07eb0e311ffb5fc72e862a34b,,,ACTIVE,NONE,28.0,65e70f50333abe616bddfff9fa8b3b0887cd58c120e503310c67278d3af9df1a
e2731ecc3fb093e25d17348a02a34124c05cd960e9ebd34ea4571970c4e626bd,,,ACTIVE,NONE,46.0,1d23b5dfe3cab3c376e6db7831c0b8e41e2ffd21012befe0e4066d168ed1ab89
e34f8aa5e7c8c258523ea3e5f5f13168b6c21a9e8bffccd515dd5cef56126efb,1.0,1.0,ACTIVE,Regularly,58.0,3242173b687002e407c752d3391789293eb408a476622ae9285bc5626a749763
e3717b1d03c73d1cfd0f27ef09c32381aab5ca11c5aed9f358bf4246d1a5a4ac,,,ACTIVE,NONE,47.0,eec3b024f64700800e680d61512f3f2e7d1e13f53136e89aa1eb4e8ff55de872
e516f091b395ff9fbf033ec25af868e8fa0e3dc8c2f13f079b8d53b2640246e6,1.0,1.0,ACTIVE,Regularly,32.0,9fe0ba2588d2af55ff0d2b2ff9cdfaf4650acf26fd6ae9f3e86e20d996ea51da
e55d5ddb3a0c3fb1b4df8edbf526ba12989ab2a852c72774e3f3338cbbb3335e,1.0,1.0,ACTIVE,Regularly,24.0,6545a80d8e0107f10748f35ef46caaffd54750354a1c90f8161269358fd16421
e595926576c9bd137e51be01e1496ae9afab6a2fff80aab06d0dcc36a2ab0700,1.0,1.0,ACTIVE,Regularly,27.0,80b8b3ee1ea532e18ecf08b5db7dca2c952bc6e2fbd6f45d027ff38ed241bcfc
e5ebe09835a61c34decfeba6b5331ea241d80184802acd6f5de65ba87b12f36f,,,ACTIVE,NONE,24.0,639d59ee4dde7f4ae1b4f33fce75cd520080bc923fa4b8b515a8bc30fc445cf5
e6498c7514c61d3c24669f49753dc83fdff3ec1ba13902dd9184c959d8f0b249,,,ACTIVE,NONE,59.0,23069ee8ddcdbaa353952bef47f2a77e7ffa71a214a049a217c4e36de058c36d
e731b3ecc8619d96058460bcbe2acbb8a95c00951f805ed9c1b398a05dd9c10f,1.0,1.0,ACTIVE,Regularly,48.0,56425b0d7a84ae8f6ae00bd36b713e066ead454ab476d30409cbc1b098525181
e75142fdce4e1428b71f019ca653974ede3fca72bf565cbade1806aadd5742a1,,,ACTIVE,NONE,30.0,917aa0a35c6674e8dc7e992aa59a42561f19cc83a919776abe12fa506c504777
e7c0ff2f724293c09bf3ba498c8c49b001040374fab1cdf2d6fe6017de089eba,,,ACTIVE,NONE,46.0,06725b68a0567b89326edfc1ffd762850a61d89128c47d00b300ef68047c834e
e859b098e894e21ed385aa3d740970437220f8474788a82a088aa56240a82445,1.0,1.0,ACTIVE,Regularly,30.0,c6b1487f22008db91ec74f42d4148d29bcaf7017bce25412b95ad9755b548434
e97c3a6c680cd3569df10f901a61fdffaf8f70300f6adf6e266b80c87d54245a,1.0,1.0,ACTIVE,Regularly,52.0,738401fe6e5701e1fc827de90e69599119e434ca477f67cb6bc1587c883b08d4
e9c585d9ad62a63b40d19ed5b0d9fca97e840c38b8ab2b3c5f6d66e60620c18c,1.0,1.0,ACTIVE,Regularly,39.0,20d16ea1021692211430b2e5ad2c11f93edd3c67cd8c207fe41a79472bc67a32
eacd1ee3488fc388ce858c136f50ffee3bc70b42f80cf786a718178968c23e0d,1.0,1.0,ACTIVE,Regularly,36.0,6dec0352819778c10daa1efb5426745757f85ec48322d45df28cf6bc6f241fef
eb468091aef302687ae9f7387383f0bde0c29cd46e04edf7a2da61ea25c77569,1.0,1.0,ACTIVE,Regularly,57.0,abaef03d6c11db0a1532b874422c71839d8ab20b4d4041eb49db442decf77a0f
ed08324da1d235b44a29cb242c7f72d45b7d3819e382de8ede76c45acc8faded,1.0,1.0,ACTIVE,Regularly,45.0,3f4af863d1e516bd933911c9c81f19c57e2218512d309bd1454ec2e6927bde9c
eeff2435dc9b9c1ce597bec9b0266ef4447660800c2a3e03a97cacaa54695b98,1.0,1.0,ACTIVE,Regularly,43.0,e40613133f20f06c49658f09fb9a3a4a00f8d3933fc061a2528095b46fb53787
ef9060466e193b76a80a6173206ab274864c5cf88605849aeae5a87633756d57,,,ACTIVE,NONE,56.0,62ecdce5a86a8927a6797656ea7612d56bece7a1e3daa39e498fed393423298e
efaafb08a00e63ce561a67c31c1ab7e720d4f394a78c4705518dc02084a29172,,,ACTIVE,NONE,45.0,cd0a270d91c765c85fe4d52883fdc1efd74a45d1c75c7bc11083ce266b32030d
efea652ac03dea3d52ef9fa73e0e026a2905a9fd6fba5ef7731bfcb54afaacdf,1.0,1.0,ACTIVE,Regularly,25.0,211fa0fe86f4efff58c0699652014c65f4649c03dd41f299c11b2e54d8985a21
f0fb2d661e4b96343c84b350878cdd983be790e946c16d44315ac0d548573046,1.0,1.0,ACTIVE,Regularly,48.0,8f908d338235461cf8d588d34c0d80f887d9161eb55bfa63e98e806381030cb0
f137c16fd175271922dad4006565503952f24750a57388fe24970a218c62de6a,1.0,1.0,ACTIVE,Regularly,70.0,3455b39b24a47ae0262c91c5728ab9ddcfccc43628291e2df6bb4bfce37d3720
f16593e3ca0700fad7541b11eff11a330c1b1d3e03c60142c3e07747ecfe27b8,1.0,1.0,ACTIVE,Regularly,47.0,23b15ecb83762a4d87cd7379d3cb5d6c6dc2241b1b9c331b6189cab3965fd7d9
f3f3b83a093df7d7f3c15797fd429efc11eaa6e3c75c6c34ee27c881a073afba,,,ACTIVE,NONE,29.0,0f456b9a282b79ae635f02f6b9a4852f1662c12101aaf0caac15ed6b33f98a68
f4395039b45f37db5e4bbe36d2ab1bb854a9739cd2b9a501b9523c881a095e30,,,ACTIVE,NONE,26.0,aa1fbeea5731084e4b2452c460b22a99b9f8308fb10238fd069a866ee7ed5b64
f444c8b2fe23f1b9b709c198ed641519bfa368f6050c824c09abe3c61e0c8d8a,,,ACTIVE,NONE,50.0,aff17fc73446fac79a4ea22bcd1adc8ca37edd6c6d7920b054cc69c60d3fe131
f4cc6939c97e28f4be2ae7075e50ca214de5bbc5b54b5f903a4f99d13a2bd7df,,,ACTIVE,NONE,34.0,fcbea010f98d148804adfdec6e13877d006cf37ef247cf0f48a43ae43877612c
f874a19b8d3417b8a7eeffa3cecd595a5f6383e0876da285390dd9c2727e905d,1.0,1.0,ACTIVE,Regularly,43.0,466cffb5c47f5aca3980a54be38daf7561133511705f4eb94ca0ca8dc10cb563
f8f36c2ae8db4ab340fc4c24ec6d1d48e118dd42296f0e9d39de53129a201695,1.0,1.0,ACTIVE,Regularly,53.0,a4defa9b091e75171328f6bbeabe484572ba4cc29f9439828888b72f37545ce3
fa9b52a508b78d322124c31596f66d9cc50bb70660becbf43cf52217ece0b949,1.0,1.0,ACTIVE,Regularly,36.0,76c8363c28f0eb37309fbacf41aa189c202ac5e5701db8dedd4eb25d80a4f9f5
ffc247b933f175b37fccbb4f71c0479d6625e703b36f637be643afc224a8977f,,,ACTIVE,NONE,29.0,c4e1c156de9033220e01b920cccc2ffa7d578ea1e2db4f718f0d3fedff13ea6e
ffe6376eb6b854d842e5a7714ea758de127f086a60d67d5cf425ef20361acea1,1.0,1.0,ACTIVE,Regularly,29.0,23bcd86dc11e0a0dc7f6cd7c90c67628824067566824b4d32e32247f187bc03f
